titleId,title,averageRating,numVotes,nconst,category,revenue,genres,primaryName
tt0119004,Don's Plum,0.545454545,0,nm0089231,actor,0,Comedy,Scott Bloom
tt0119004,Don's Plum,0.545454545,0,nm0089231,actor,0,Drama,Scott Bloom
tt0119004,Saturday Night Club,0.545454545,0,nm0089231,actor,0,Comedy,Scott Bloom
tt0119004,Saturday Night Club,0.545454545,0,nm0089231,actor,0,Drama,Scott Bloom
tt0119004,Don's Plum,0.545454545,0,nm0175305,actor,0,Comedy,Kevin Connolly
tt0119004,Don's Plum,0.545454545,0,nm0175305,actor,0,Drama,Kevin Connolly
tt0119004,Saturday Night Club,0.545454545,0,nm0175305,actor,0,Comedy,Kevin Connolly
tt0119004,Saturday Night Club,0.545454545,0,nm0175305,actor,0,Drama,Kevin Connolly
tt0119004,Don's Plum,0.545454545,0,nm0001497,actor,0,Comedy,Tobey Maguire
tt0119004,Don's Plum,0.545454545,0,nm0001497,actor,0,Drama,Tobey Maguire
tt0119004,Saturday Night Club,0.545454545,0,nm0001497,actor,0,Comedy,Tobey Maguire
tt0119004,Saturday Night Club,0.545454545,0,nm0001497,actor,0,Drama,Tobey Maguire
tt0119004,Don's Plum,0.545454545,0,nm0000138,actor,0,Comedy,Leonardo DiCaprio
tt0119004,Don's Plum,0.545454545,0,nm0000138,actor,0,Drama,Leonardo DiCaprio
tt0119004,Saturday Night Club,0.545454545,0,nm0000138,actor,0,Comedy,Leonardo DiCaprio
tt0119004,Saturday Night Club,0.545454545,0,nm0000138,actor,0,Drama,Leonardo DiCaprio
tt0119004,Don's Plum,0.545454545,0,nm0730222,director,0,Comedy,R.D. Robb
tt0119004,Don's Plum,0.545454545,0,nm0730222,director,0,Drama,R.D. Robb
tt0119004,Saturday Night Club,0.545454545,0,nm0730222,director,0,Comedy,R.D. Robb
tt0119004,Saturday Night Club,0.545454545,0,nm0730222,director,0,Drama,R.D. Robb
tt0119004,Don's Plum,0.545454545,0,nm0039192,writer,0,Comedy,Bethany Ashton Wolf
tt0119004,Don's Plum,0.545454545,0,nm0039192,writer,0,Drama,Bethany Ashton Wolf
tt0119004,Saturday Night Club,0.545454545,0,nm0039192,writer,0,Comedy,Bethany Ashton Wolf
tt0119004,Saturday Night Club,0.545454545,0,nm0039192,writer,0,Drama,Bethany Ashton Wolf
tt0119004,Don's Plum,0.545454545,0,nm0065818,writer,0,Comedy,Tawd Beckman
tt0119004,Don's Plum,0.545454545,0,nm0065818,writer,0,Drama,Tawd Beckman
tt0119004,Saturday Night Club,0.545454545,0,nm0065818,writer,0,Comedy,Tawd Beckman
tt0119004,Saturday Night Club,0.545454545,0,nm0065818,writer,0,Drama,Tawd Beckman
tt0119004,Don's Plum,0.545454545,0,nm0836476,writer,0,Comedy,David Stutman
tt0119004,Don's Plum,0.545454545,0,nm0836476,writer,0,Drama,David Stutman
tt0119004,Saturday Night Club,0.545454545,0,nm0836476,writer,0,Comedy,David Stutman
tt0119004,Saturday Night Club,0.545454545,0,nm0836476,writer,0,Drama,David Stutman
tt0119004,Don's Plum,0.545454545,0,nm0923673,writer,0,Comedy,Dale Wheatley
tt0119004,Don's Plum,0.545454545,0,nm0923673,writer,0,Drama,Dale Wheatley
tt0119004,Saturday Night Club,0.545454545,0,nm0923673,writer,0,Comedy,Dale Wheatley
tt0119004,Saturday Night Club,0.545454545,0,nm0923673,writer,0,Drama,Dale Wheatley
tt0120667,Fantastic 4,0.53030303,0.193209945,nm0344435,actor,0.379375502,Action,Ioan Gruffudd
tt0120667,Fantastic 4,0.53030303,0.193209945,nm0344435,actor,0.379375502,Adventure,Ioan Gruffudd
tt0120667,Fantastic 4,0.53030303,0.193209945,nm0344435,actor,0.379375502,Fantasy,Ioan Gruffudd
tt0120667,The Fantastic Four,0.53030303,0.193209945,nm0344435,actor,0.379375502,Action,Ioan Gruffudd
tt0120667,The Fantastic Four,0.53030303,0.193209945,nm0344435,actor,0.379375502,Adventure,Ioan Gruffudd
tt0120667,The Fantastic Four,0.53030303,0.193209945,nm0344435,actor,0.379375502,Fantasy,Ioan Gruffudd
tt0120667,Fantastic Four,0.53030303,0.193209945,nm0344435,actor,0.379375502,Action,Ioan Gruffudd
tt0120667,Fantastic Four,0.53030303,0.193209945,nm0344435,actor,0.379375502,Adventure,Ioan Gruffudd
tt0120667,Fantastic Four,0.53030303,0.193209945,nm0344435,actor,0.379375502,Fantasy,Ioan Gruffudd
tt0120667,Fantastic 4,0.53030303,0.193209945,nm0004821,actor,0.379375502,Action,Michael Chiklis
tt0120667,Fantastic 4,0.53030303,0.193209945,nm0004821,actor,0.379375502,Adventure,Michael Chiklis
tt0120667,Fantastic 4,0.53030303,0.193209945,nm0004821,actor,0.379375502,Fantasy,Michael Chiklis
tt0120667,The Fantastic Four,0.53030303,0.193209945,nm0004821,actor,0.379375502,Action,Michael Chiklis
tt0120667,The Fantastic Four,0.53030303,0.193209945,nm0004821,actor,0.379375502,Adventure,Michael Chiklis
tt0120667,The Fantastic Four,0.53030303,0.193209945,nm0004821,actor,0.379375502,Fantasy,Michael Chiklis
tt0120667,Fantastic Four,0.53030303,0.193209945,nm0004821,actor,0.379375502,Action,Michael Chiklis
tt0120667,Fantastic Four,0.53030303,0.193209945,nm0004821,actor,0.379375502,Adventure,Michael Chiklis
tt0120667,Fantastic Four,0.53030303,0.193209945,nm0004821,actor,0.379375502,Fantasy,Michael Chiklis
tt0120667,Fantastic 4,0.53030303,0.193209945,nm0262635,actor,0.379375502,Action,Chris Evans
tt0120667,Fantastic 4,0.53030303,0.193209945,nm0262635,actor,0.379375502,Adventure,Chris Evans
tt0120667,Fantastic 4,0.53030303,0.193209945,nm0262635,actor,0.379375502,Fantasy,Chris Evans
tt0120667,The Fantastic Four,0.53030303,0.193209945,nm0262635,actor,0.379375502,Action,Chris Evans
tt0120667,The Fantastic Four,0.53030303,0.193209945,nm0262635,actor,0.379375502,Adventure,Chris Evans
tt0120667,The Fantastic Four,0.53030303,0.193209945,nm0262635,actor,0.379375502,Fantasy,Chris Evans
tt0120667,Fantastic Four,0.53030303,0.193209945,nm0262635,actor,0.379375502,Action,Chris Evans
tt0120667,Fantastic Four,0.53030303,0.193209945,nm0262635,actor,0.379375502,Adventure,Chris Evans
tt0120667,Fantastic Four,0.53030303,0.193209945,nm0262635,actor,0.379375502,Fantasy,Chris Evans
tt0120667,Fantastic 4,0.53030303,0.193209945,nm0004695,actress,0.379375502,Action,Jessica Alba
tt0120667,Fantastic 4,0.53030303,0.193209945,nm0004695,actress,0.379375502,Adventure,Jessica Alba
tt0120667,Fantastic 4,0.53030303,0.193209945,nm0004695,actress,0.379375502,Fantasy,Jessica Alba
tt0120667,The Fantastic Four,0.53030303,0.193209945,nm0004695,actress,0.379375502,Action,Jessica Alba
tt0120667,The Fantastic Four,0.53030303,0.193209945,nm0004695,actress,0.379375502,Adventure,Jessica Alba
tt0120667,The Fantastic Four,0.53030303,0.193209945,nm0004695,actress,0.379375502,Fantasy,Jessica Alba
tt0120667,Fantastic Four,0.53030303,0.193209945,nm0004695,actress,0.379375502,Action,Jessica Alba
tt0120667,Fantastic Four,0.53030303,0.193209945,nm0004695,actress,0.379375502,Adventure,Jessica Alba
tt0120667,Fantastic Four,0.53030303,0.193209945,nm0004695,actress,0.379375502,Fantasy,Jessica Alba
tt0120667,Fantastic 4,0.53030303,0.193209945,nm0004111,writer,0.379375502,Action,Mark Frost
tt0120667,Fantastic 4,0.53030303,0.193209945,nm0004111,writer,0.379375502,Adventure,Mark Frost
tt0120667,Fantastic 4,0.53030303,0.193209945,nm0004111,writer,0.379375502,Fantasy,Mark Frost
tt0120667,The Fantastic Four,0.53030303,0.193209945,nm0004111,writer,0.379375502,Action,Mark Frost
tt0120667,The Fantastic Four,0.53030303,0.193209945,nm0004111,writer,0.379375502,Adventure,Mark Frost
tt0120667,The Fantastic Four,0.53030303,0.193209945,nm0004111,writer,0.379375502,Fantasy,Mark Frost
tt0120667,Fantastic Four,0.53030303,0.193209945,nm0004111,writer,0.379375502,Action,Mark Frost
tt0120667,Fantastic Four,0.53030303,0.193209945,nm0004111,writer,0.379375502,Adventure,Mark Frost
tt0120667,Fantastic Four,0.53030303,0.193209945,nm0004111,writer,0.379375502,Fantasy,Mark Frost
tt0120667,Fantastic 4,0.53030303,0.193209945,nm0289833,writer,0.379375502,Action,Michael France
tt0120667,Fantastic 4,0.53030303,0.193209945,nm0289833,writer,0.379375502,Adventure,Michael France
tt0120667,Fantastic 4,0.53030303,0.193209945,nm0289833,writer,0.379375502,Fantasy,Michael France
tt0120667,The Fantastic Four,0.53030303,0.193209945,nm0289833,writer,0.379375502,Action,Michael France
tt0120667,The Fantastic Four,0.53030303,0.193209945,nm0289833,writer,0.379375502,Adventure,Michael France
tt0120667,The Fantastic Four,0.53030303,0.193209945,nm0289833,writer,0.379375502,Fantasy,Michael France
tt0120667,Fantastic Four,0.53030303,0.193209945,nm0289833,writer,0.379375502,Action,Michael France
tt0120667,Fantastic Four,0.53030303,0.193209945,nm0289833,writer,0.379375502,Adventure,Michael France
tt0120667,Fantastic Four,0.53030303,0.193209945,nm0289833,writer,0.379375502,Fantasy,Michael France
tt0120667,Fantastic 4,0.53030303,0.193209945,nm0498278,writer,0.379375502,Action,Stan Lee
tt0120667,Fantastic 4,0.53030303,0.193209945,nm0498278,writer,0.379375502,Adventure,Stan Lee
tt0120667,Fantastic 4,0.53030303,0.193209945,nm0498278,writer,0.379375502,Fantasy,Stan Lee
tt0120667,The Fantastic Four,0.53030303,0.193209945,nm0498278,writer,0.379375502,Action,Stan Lee
tt0120667,The Fantastic Four,0.53030303,0.193209945,nm0498278,writer,0.379375502,Adventure,Stan Lee
tt0120667,The Fantastic Four,0.53030303,0.193209945,nm0498278,writer,0.379375502,Fantasy,Stan Lee
tt0120667,Fantastic Four,0.53030303,0.193209945,nm0498278,writer,0.379375502,Action,Stan Lee
tt0120667,Fantastic Four,0.53030303,0.193209945,nm0498278,writer,0.379375502,Adventure,Stan Lee
tt0120667,Fantastic Four,0.53030303,0.193209945,nm0498278,writer,0.379375502,Fantasy,Stan Lee
tt0120667,Fantastic 4,0.53030303,0.193209945,nm0456158,writer,0.379375502,Action,Jack Kirby
tt0120667,Fantastic 4,0.53030303,0.193209945,nm0456158,writer,0.379375502,Adventure,Jack Kirby
tt0120667,Fantastic 4,0.53030303,0.193209945,nm0456158,writer,0.379375502,Fantasy,Jack Kirby
tt0120667,The Fantastic Four,0.53030303,0.193209945,nm0456158,writer,0.379375502,Action,Jack Kirby
tt0120667,The Fantastic Four,0.53030303,0.193209945,nm0456158,writer,0.379375502,Adventure,Jack Kirby
tt0120667,The Fantastic Four,0.53030303,0.193209945,nm0456158,writer,0.379375502,Fantasy,Jack Kirby
tt0120667,Fantastic Four,0.53030303,0.193209945,nm0456158,writer,0.379375502,Action,Jack Kirby
tt0120667,Fantastic Four,0.53030303,0.193209945,nm0456158,writer,0.379375502,Adventure,Jack Kirby
tt0120667,Fantastic Four,0.53030303,0.193209945,nm0456158,writer,0.379375502,Fantasy,Jack Kirby
tt0120679,Frida,0.787878788,0.046821892,nm0858482,writer,0.06460251,Biography,Anna Thomas
tt0120679,Frida,0.787878788,0.046821892,nm0858482,writer,0.06460251,Drama,Anna Thomas
tt0120679,Frida,0.787878788,0.046821892,nm0858482,writer,0.06460251,Romance,Anna Thomas
tt0120679,Frida Kahlo,0.787878788,0.046821892,nm0858482,writer,0.06460251,Biography,Anna Thomas
tt0120679,Frida Kahlo,0.787878788,0.046821892,nm0858482,writer,0.06460251,Drama,Anna Thomas
tt0120679,Frida Kahlo,0.787878788,0.046821892,nm0858482,writer,0.06460251,Romance,Anna Thomas
tt0120679,Frida,0.787878788,0.046821892,nm0000161,actress,0.06460251,Biography,Salma Hayek
tt0120679,Frida,0.787878788,0.046821892,nm0000161,actress,0.06460251,Drama,Salma Hayek
tt0120679,Frida,0.787878788,0.046821892,nm0000161,actress,0.06460251,Romance,Salma Hayek
tt0120679,Frida Kahlo,0.787878788,0.046821892,nm0000161,actress,0.06460251,Biography,Salma Hayek
tt0120679,Frida Kahlo,0.787878788,0.046821892,nm0000161,actress,0.06460251,Drama,Salma Hayek
tt0120679,Frida Kahlo,0.787878788,0.046821892,nm0000161,actress,0.06460251,Romance,Salma Hayek
tt0120679,Frida,0.787878788,0.046821892,nm0000547,actor,0.06460251,Biography,Alfred Molina
tt0120679,Frida,0.787878788,0.046821892,nm0000547,actor,0.06460251,Drama,Alfred Molina
tt0120679,Frida,0.787878788,0.046821892,nm0000547,actor,0.06460251,Romance,Alfred Molina
tt0120679,Frida Kahlo,0.787878788,0.046821892,nm0000547,actor,0.06460251,Biography,Alfred Molina
tt0120679,Frida Kahlo,0.787878788,0.046821892,nm0000547,actor,0.06460251,Drama,Alfred Molina
tt0120679,Frida Kahlo,0.787878788,0.046821892,nm0000547,actor,0.06460251,Romance,Alfred Molina
tt0120679,Frida,0.787878788,0.046821892,nm0001691,actor,0.06460251,Biography,Geoffrey Rush
tt0120679,Frida,0.787878788,0.046821892,nm0001691,actor,0.06460251,Drama,Geoffrey Rush
tt0120679,Frida,0.787878788,0.046821892,nm0001691,actor,0.06460251,Romance,Geoffrey Rush
tt0120679,Frida Kahlo,0.787878788,0.046821892,nm0001691,actor,0.06460251,Biography,Geoffrey Rush
tt0120679,Frida Kahlo,0.787878788,0.046821892,nm0001691,actor,0.06460251,Drama,Geoffrey Rush
tt0120679,Frida Kahlo,0.787878788,0.046821892,nm0001691,actor,0.06460251,Romance,Geoffrey Rush
tt0120679,Frida,0.787878788,0.046821892,nm0535502,actress,0.06460251,Biography,MÃ­a Maestro
tt0120679,Frida,0.787878788,0.046821892,nm0535502,actress,0.06460251,Drama,MÃ­a Maestro
tt0120679,Frida,0.787878788,0.046821892,nm0535502,actress,0.06460251,Romance,MÃ­a Maestro
tt0120679,Frida Kahlo,0.787878788,0.046821892,nm0535502,actress,0.06460251,Biography,MÃ­a Maestro
tt0120679,Frida Kahlo,0.787878788,0.046821892,nm0535502,actress,0.06460251,Drama,MÃ­a Maestro
tt0120679,Frida Kahlo,0.787878788,0.046821892,nm0535502,actress,0.06460251,Romance,MÃ­a Maestro
tt0120679,Frida,0.787878788,0.046821892,nm0853380,director,0.06460251,Biography,Julie Taymor
tt0120679,Frida,0.787878788,0.046821892,nm0853380,director,0.06460251,Drama,Julie Taymor
tt0120679,Frida,0.787878788,0.046821892,nm0853380,director,0.06460251,Romance,Julie Taymor
tt0120679,Frida Kahlo,0.787878788,0.046821892,nm0853380,director,0.06460251,Biography,Julie Taymor
tt0120679,Frida Kahlo,0.787878788,0.046821892,nm0853380,director,0.06460251,Drama,Julie Taymor
tt0120679,Frida Kahlo,0.787878788,0.046821892,nm0853380,director,0.06460251,Romance,Julie Taymor
tt0120679,Frida,0.787878788,0.046821892,nm0380419,writer,0.06460251,Biography,Hayden Herrera
tt0120679,Frida,0.787878788,0.046821892,nm0380419,writer,0.06460251,Drama,Hayden Herrera
tt0120679,Frida,0.787878788,0.046821892,nm0380419,writer,0.06460251,Romance,Hayden Herrera
tt0120679,Frida Kahlo,0.787878788,0.046821892,nm0380419,writer,0.06460251,Biography,Hayden Herrera
tt0120679,Frida Kahlo,0.787878788,0.046821892,nm0380419,writer,0.06460251,Drama,Hayden Herrera
tt0120679,Frida Kahlo,0.787878788,0.046821892,nm0380419,writer,0.06460251,Romance,Hayden Herrera
tt0120679,Frida,0.787878788,0.046821892,nm0797397,writer,0.06460251,Biography,Clancy Sigal
tt0120679,Frida,0.787878788,0.046821892,nm0797397,writer,0.06460251,Drama,Clancy Sigal
tt0120679,Frida,0.787878788,0.046821892,nm0797397,writer,0.06460251,Romance,Clancy Sigal
tt0120679,Frida Kahlo,0.787878788,0.046821892,nm0797397,writer,0.06460251,Biography,Clancy Sigal
tt0120679,Frida Kahlo,0.787878788,0.046821892,nm0797397,writer,0.06460251,Drama,Clancy Sigal
tt0120679,Frida Kahlo,0.787878788,0.046821892,nm0797397,writer,0.06460251,Romance,Clancy Sigal
tt0120679,Frida,0.787878788,0.046821892,nm0622695,writer,0.06460251,Biography,Gregory Nava
tt0120679,Frida,0.787878788,0.046821892,nm0622695,writer,0.06460251,Drama,Gregory Nava
tt0120679,Frida,0.787878788,0.046821892,nm0622695,writer,0.06460251,Romance,Gregory Nava
tt0120679,Frida Kahlo,0.787878788,0.046821892,nm0622695,writer,0.06460251,Biography,Gregory Nava
tt0120679,Frida Kahlo,0.787878788,0.046821892,nm0622695,writer,0.06460251,Drama,Gregory Nava
tt0120679,Frida Kahlo,0.787878788,0.046821892,nm0622695,writer,0.06460251,Romance,Gregory Nava
tt0120681,Jack,0.696969697,0.08926365,nm0947913,writer,0.085557796,Horror,Rafael Yglesias
tt0120681,Jack,0.696969697,0.08926365,nm0947913,writer,0.085557796,Mystery,Rafael Yglesias
tt0120681,Jack,0.696969697,0.08926365,nm0947913,writer,0.085557796,Thriller,Rafael Yglesias
tt0120681,From Hell,0.696969697,0.08926365,nm0947913,writer,0.085557796,Horror,Rafael Yglesias
tt0120681,From Hell,0.696969697,0.08926365,nm0947913,writer,0.085557796,Mystery,Rafael Yglesias
tt0120681,From Hell,0.696969697,0.08926365,nm0947913,writer,0.085557796,Thriller,Rafael Yglesias
tt0120681,Jack,0.696969697,0.08926365,nm0000136,actor,0.085557796,Horror,Johnny Depp
tt0120681,Jack,0.696969697,0.08926365,nm0000136,actor,0.085557796,Mystery,Johnny Depp
tt0120681,Jack,0.696969697,0.08926365,nm0000136,actor,0.085557796,Thriller,Johnny Depp
tt0120681,From Hell,0.696969697,0.08926365,nm0000136,actor,0.085557796,Horror,Johnny Depp
tt0120681,From Hell,0.696969697,0.08926365,nm0000136,actor,0.085557796,Mystery,Johnny Depp
tt0120681,From Hell,0.696969697,0.08926365,nm0000136,actor,0.085557796,Thriller,Johnny Depp
tt0121164,Corpse Bride,0.772727273,0.145235284,nm0000136,actor,0.134489173,Animation,Johnny Depp
tt0121164,Corpse Bride,0.772727273,0.145235284,nm0000136,actor,0.134489173,Drama,Johnny Depp
tt0121164,Corpse Bride,0.772727273,0.145235284,nm0000136,actor,0.134489173,Family,Johnny Depp
tt0121164,Tim Burton's Corpse Bride,0.772727273,0.145235284,nm0000136,actor,0.134489173,Animation,Johnny Depp
tt0121164,Tim Burton's Corpse Bride,0.772727273,0.145235284,nm0000136,actor,0.134489173,Drama,Johnny Depp
tt0121164,Tim Burton's Corpse Bride,0.772727273,0.145235284,nm0000136,actor,0.134489173,Family,Johnny Depp
tt0120681,Jack,0.696969697,0.08926365,nm0001287,actress,0.085557796,Horror,Heather Graham
tt0120681,Jack,0.696969697,0.08926365,nm0001287,actress,0.085557796,Mystery,Heather Graham
tt0120681,Jack,0.696969697,0.08926365,nm0001287,actress,0.085557796,Thriller,Heather Graham
tt0120681,From Hell,0.696969697,0.08926365,nm0001287,actress,0.085557796,Horror,Heather Graham
tt0120681,From Hell,0.696969697,0.08926365,nm0001287,actress,0.085557796,Mystery,Heather Graham
tt0120681,From Hell,0.696969697,0.08926365,nm0001287,actress,0.085557796,Thriller,Heather Graham
tt0120681,Jack,0.696969697,0.08926365,nm0000453,actor,0.085557796,Horror,Ian Holm
tt0120681,Jack,0.696969697,0.08926365,nm0000453,actor,0.085557796,Mystery,Ian Holm
tt0120681,Jack,0.696969697,0.08926365,nm0000453,actor,0.085557796,Thriller,Ian Holm
tt0120681,From Hell,0.696969697,0.08926365,nm0000453,actor,0.085557796,Horror,Ian Holm
tt0120681,From Hell,0.696969697,0.08926365,nm0000453,actor,0.085557796,Mystery,Ian Holm
tt0120681,From Hell,0.696969697,0.08926365,nm0000453,actor,0.085557796,Thriller,Ian Holm
tt0120681,Jack,0.696969697,0.08926365,nm0001059,actor,0.085557796,Horror,Robbie Coltrane
tt0120681,Jack,0.696969697,0.08926365,nm0001059,actor,0.085557796,Mystery,Robbie Coltrane
tt0120681,Jack,0.696969697,0.08926365,nm0001059,actor,0.085557796,Thriller,Robbie Coltrane
tt0120681,From Hell,0.696969697,0.08926365,nm0001059,actor,0.085557796,Horror,Robbie Coltrane
tt0120681,From Hell,0.696969697,0.08926365,nm0001059,actor,0.085557796,Mystery,Robbie Coltrane
tt0120681,From Hell,0.696969697,0.08926365,nm0001059,actor,0.085557796,Thriller,Robbie Coltrane
tt0120681,Jack,0.696969697,0.08926365,nm0400436,director,0.085557796,Horror,Albert Hughes
tt0120681,Jack,0.696969697,0.08926365,nm0400436,director,0.085557796,Mystery,Albert Hughes
tt0120681,Jack,0.696969697,0.08926365,nm0400436,director,0.085557796,Thriller,Albert Hughes
tt0120681,From Hell,0.696969697,0.08926365,nm0400436,director,0.085557796,Horror,Albert Hughes
tt0120681,From Hell,0.696969697,0.08926365,nm0400436,director,0.085557796,Mystery,Albert Hughes
tt0120681,From Hell,0.696969697,0.08926365,nm0400436,director,0.085557796,Thriller,Albert Hughes
tt0120681,Jack,0.696969697,0.08926365,nm0400441,director,0.085557796,Horror,Allen Hughes
tt0120681,Jack,0.696969697,0.08926365,nm0400441,director,0.085557796,Mystery,Allen Hughes
tt0120681,Jack,0.696969697,0.08926365,nm0400441,director,0.085557796,Thriller,Allen Hughes
tt0120681,From Hell,0.696969697,0.08926365,nm0400441,director,0.085557796,Horror,Allen Hughes
tt0120681,From Hell,0.696969697,0.08926365,nm0400441,director,0.085557796,Mystery,Allen Hughes
tt0120681,From Hell,0.696969697,0.08926365,nm0400441,director,0.085557796,Thriller,Allen Hughes
tt0120681,Jack,0.696969697,0.08926365,nm0600872,writer,0.085557796,Horror,Alan Moore
tt0120681,Jack,0.696969697,0.08926365,nm0600872,writer,0.085557796,Mystery,Alan Moore
tt0120681,Jack,0.696969697,0.08926365,nm0600872,writer,0.085557796,Thriller,Alan Moore
tt0120681,From Hell,0.696969697,0.08926365,nm0600872,writer,0.085557796,Horror,Alan Moore
tt0120681,From Hell,0.696969697,0.08926365,nm0600872,writer,0.085557796,Mystery,Alan Moore
tt0120681,From Hell,0.696969697,0.08926365,nm0600872,writer,0.085557796,Thriller,Alan Moore
tt0120681,Jack,0.696969697,0.08926365,nm0132427,writer,0.085557796,Horror,Eddie Campbell
tt0120681,Jack,0.696969697,0.08926365,nm0132427,writer,0.085557796,Mystery,Eddie Campbell
tt0120681,Jack,0.696969697,0.08926365,nm0132427,writer,0.085557796,Thriller,Eddie Campbell
tt0120681,From Hell,0.696969697,0.08926365,nm0132427,writer,0.085557796,Horror,Eddie Campbell
tt0120681,From Hell,0.696969697,0.08926365,nm0132427,writer,0.085557796,Mystery,Eddie Campbell
tt0120681,From Hell,0.696969697,0.08926365,nm0132427,writer,0.085557796,Thriller,Eddie Campbell
tt0120681,Jack,0.696969697,0.08926365,nm0371249,writer,0.085557796,Horror,Terry Hayes
tt0120681,Jack,0.696969697,0.08926365,nm0371249,writer,0.085557796,Mystery,Terry Hayes
tt0120681,Jack,0.696969697,0.08926365,nm0371249,writer,0.085557796,Thriller,Terry Hayes
tt0120681,From Hell,0.696969697,0.08926365,nm0371249,writer,0.085557796,Horror,Terry Hayes
tt0120681,From Hell,0.696969697,0.08926365,nm0371249,writer,0.085557796,Mystery,Terry Hayes
tt0120681,From Hell,0.696969697,0.08926365,nm0371249,writer,0.085557796,Thriller,Terry Hayes
tt0120737,The Lord of the Rings: The Fellowship of the Ring,1,1,nm0000704,actor,1,Adventure,Elijah Wood
tt0120737,The Lord of the Rings: The Fellowship of the Ring,1,1,nm0000704,actor,1,Drama,Elijah Wood
tt0120737,The Lord of the Rings: The Fellowship of the Ring,1,1,nm0000704,actor,1,Fantasy,Elijah Wood
tt0120737,The Fellowship of the Ring,1,1,nm0000704,actor,1,Adventure,Elijah Wood
tt0120737,The Fellowship of the Ring,1,1,nm0000704,actor,1,Drama,Elijah Wood
tt0120737,The Fellowship of the Ring,1,1,nm0000704,actor,1,Fantasy,Elijah Wood
tt0120737,The Lord of the Rings: The Fellowship of the Ring: The Motion Picture,1,1,nm0000704,actor,1,Adventure,Elijah Wood
tt0120737,The Lord of the Rings: The Fellowship of the Ring: The Motion Picture,1,1,nm0000704,actor,1,Drama,Elijah Wood
tt0120737,The Lord of the Rings: The Fellowship of the Ring: The Motion Picture,1,1,nm0000704,actor,1,Fantasy,Elijah Wood
tt0120737,The Lord of the Rings: The Fellowship of the Ring,1,1,nm0005212,actor,1,Adventure,Ian McKellen
tt0120737,The Lord of the Rings: The Fellowship of the Ring,1,1,nm0005212,actor,1,Drama,Ian McKellen
tt0120737,The Lord of the Rings: The Fellowship of the Ring,1,1,nm0005212,actor,1,Fantasy,Ian McKellen
tt0120737,The Fellowship of the Ring,1,1,nm0005212,actor,1,Adventure,Ian McKellen
tt0120737,The Fellowship of the Ring,1,1,nm0005212,actor,1,Drama,Ian McKellen
tt0120737,The Fellowship of the Ring,1,1,nm0005212,actor,1,Fantasy,Ian McKellen
tt0120737,The Lord of the Rings: The Fellowship of the Ring: The Motion Picture,1,1,nm0005212,actor,1,Adventure,Ian McKellen
tt0120737,The Lord of the Rings: The Fellowship of the Ring: The Motion Picture,1,1,nm0005212,actor,1,Drama,Ian McKellen
tt0120737,The Lord of the Rings: The Fellowship of the Ring: The Motion Picture,1,1,nm0005212,actor,1,Fantasy,Ian McKellen
tt0120737,The Lord of the Rings: The Fellowship of the Ring,1,1,nm0089217,actor,1,Adventure,Orlando Bloom
tt0120737,The Lord of the Rings: The Fellowship of the Ring,1,1,nm0089217,actor,1,Drama,Orlando Bloom
tt0120737,The Lord of the Rings: The Fellowship of the Ring,1,1,nm0089217,actor,1,Fantasy,Orlando Bloom
tt0120737,The Fellowship of the Ring,1,1,nm0089217,actor,1,Adventure,Orlando Bloom
tt0120737,The Fellowship of the Ring,1,1,nm0089217,actor,1,Drama,Orlando Bloom
tt0120737,The Fellowship of the Ring,1,1,nm0089217,actor,1,Fantasy,Orlando Bloom
tt0120737,The Lord of the Rings: The Fellowship of the Ring: The Motion Picture,1,1,nm0089217,actor,1,Adventure,Orlando Bloom
tt0120737,The Lord of the Rings: The Fellowship of the Ring: The Motion Picture,1,1,nm0089217,actor,1,Drama,Orlando Bloom
tt0120737,The Lord of the Rings: The Fellowship of the Ring: The Motion Picture,1,1,nm0089217,actor,1,Fantasy,Orlando Bloom
tt0120737,The Lord of the Rings: The Fellowship of the Ring,1,1,nm0000293,actor,1,Adventure,Sean Bean
tt0120737,The Lord of the Rings: The Fellowship of the Ring,1,1,nm0000293,actor,1,Drama,Sean Bean
tt0120737,The Lord of the Rings: The Fellowship of the Ring,1,1,nm0000293,actor,1,Fantasy,Sean Bean
tt0120737,The Fellowship of the Ring,1,1,nm0000293,actor,1,Adventure,Sean Bean
tt0120737,The Fellowship of the Ring,1,1,nm0000293,actor,1,Drama,Sean Bean
tt0120737,The Fellowship of the Ring,1,1,nm0000293,actor,1,Fantasy,Sean Bean
tt0120737,The Lord of the Rings: The Fellowship of the Ring: The Motion Picture,1,1,nm0000293,actor,1,Adventure,Sean Bean
tt0120737,The Lord of the Rings: The Fellowship of the Ring: The Motion Picture,1,1,nm0000293,actor,1,Drama,Sean Bean
tt0120737,The Lord of the Rings: The Fellowship of the Ring: The Motion Picture,1,1,nm0000293,actor,1,Fantasy,Sean Bean
tt0120737,The Lord of the Rings: The Fellowship of the Ring,1,1,nm0001392,director,1,Adventure,Peter Jackson
tt0120737,The Lord of the Rings: The Fellowship of the Ring,1,1,nm0001392,director,1,Drama,Peter Jackson
tt0120737,The Lord of the Rings: The Fellowship of the Ring,1,1,nm0001392,director,1,Fantasy,Peter Jackson
tt0120737,The Fellowship of the Ring,1,1,nm0001392,director,1,Adventure,Peter Jackson
tt0120737,The Fellowship of the Ring,1,1,nm0001392,director,1,Drama,Peter Jackson
tt0120737,The Fellowship of the Ring,1,1,nm0001392,director,1,Fantasy,Peter Jackson
tt0120737,The Lord of the Rings: The Fellowship of the Ring: The Motion Picture,1,1,nm0001392,director,1,Adventure,Peter Jackson
tt0120737,The Lord of the Rings: The Fellowship of the Ring: The Motion Picture,1,1,nm0001392,director,1,Drama,Peter Jackson
tt0120737,The Lord of the Rings: The Fellowship of the Ring: The Motion Picture,1,1,nm0001392,director,1,Fantasy,Peter Jackson
tt0120737,The Lord of the Rings: The Fellowship of the Ring,1,1,nm0866058,writer,1,Adventure,J.R.R. Tolkien
tt0120737,The Lord of the Rings: The Fellowship of the Ring,1,1,nm0866058,writer,1,Drama,J.R.R. Tolkien
tt0120737,The Lord of the Rings: The Fellowship of the Ring,1,1,nm0866058,writer,1,Fantasy,J.R.R. Tolkien
tt0120737,The Fellowship of the Ring,1,1,nm0866058,writer,1,Adventure,J.R.R. Tolkien
tt0120737,The Fellowship of the Ring,1,1,nm0866058,writer,1,Drama,J.R.R. Tolkien
tt0120737,The Fellowship of the Ring,1,1,nm0866058,writer,1,Fantasy,J.R.R. Tolkien
tt0120737,The Lord of the Rings: The Fellowship of the Ring: The Motion Picture,1,1,nm0866058,writer,1,Adventure,J.R.R. Tolkien
tt0120737,The Lord of the Rings: The Fellowship of the Ring: The Motion Picture,1,1,nm0866058,writer,1,Drama,J.R.R. Tolkien
tt0120737,The Lord of the Rings: The Fellowship of the Ring: The Motion Picture,1,1,nm0866058,writer,1,Fantasy,J.R.R. Tolkien
tt0120737,The Lord of the Rings: The Fellowship of the Ring,1,1,nm0909638,writer,1,Adventure,Fran Walsh
tt0120737,The Lord of the Rings: The Fellowship of the Ring,1,1,nm0909638,writer,1,Drama,Fran Walsh
tt0120737,The Lord of the Rings: The Fellowship of the Ring,1,1,nm0909638,writer,1,Fantasy,Fran Walsh
tt0120737,The Fellowship of the Ring,1,1,nm0909638,writer,1,Adventure,Fran Walsh
tt0120737,The Fellowship of the Ring,1,1,nm0909638,writer,1,Drama,Fran Walsh
tt0120737,The Fellowship of the Ring,1,1,nm0909638,writer,1,Fantasy,Fran Walsh
tt0120737,The Lord of the Rings: The Fellowship of the Ring: The Motion Picture,1,1,nm0909638,writer,1,Adventure,Fran Walsh
tt0120737,The Lord of the Rings: The Fellowship of the Ring: The Motion Picture,1,1,nm0909638,writer,1,Drama,Fran Walsh
tt0120737,The Lord of the Rings: The Fellowship of the Ring: The Motion Picture,1,1,nm0909638,writer,1,Fantasy,Fran Walsh
tt0120737,The Lord of the Rings: The Fellowship of the Ring,1,1,nm0101991,writer,1,Adventure,Philippa Boyens
tt0120737,The Lord of the Rings: The Fellowship of the Ring,1,1,nm0101991,writer,1,Drama,Philippa Boyens
tt0120737,The Lord of the Rings: The Fellowship of the Ring,1,1,nm0101991,writer,1,Fantasy,Philippa Boyens
tt0120737,The Fellowship of the Ring,1,1,nm0101991,writer,1,Adventure,Philippa Boyens
tt0120737,The Fellowship of the Ring,1,1,nm0101991,writer,1,Drama,Philippa Boyens
tt0120737,The Fellowship of the Ring,1,1,nm0101991,writer,1,Fantasy,Philippa Boyens
tt0120737,The Lord of the Rings: The Fellowship of the Ring: The Motion Picture,1,1,nm0101991,writer,1,Adventure,Philippa Boyens
tt0120737,The Lord of the Rings: The Fellowship of the Ring: The Motion Picture,1,1,nm0101991,writer,1,Drama,Philippa Boyens
tt0120737,The Lord of the Rings: The Fellowship of the Ring: The Motion Picture,1,1,nm0101991,writer,1,Fantasy,Philippa Boyens
tt0120804,Resident Evil: Ground Zero,0.681818182,0.150487008,nm0000170,actress,0.118181143,Action,Milla Jovovich
tt0120804,Resident Evil: Ground Zero,0.681818182,0.150487008,nm0000170,actress,0.118181143,Horror,Milla Jovovich
tt0120804,Resident Evil: Ground Zero,0.681818182,0.150487008,nm0000170,actress,0.118181143,Sci-Fi,Milla Jovovich
tt0120804,Resident Evil the Movie,0.681818182,0.150487008,nm0000170,actress,0.118181143,Action,Milla Jovovich
tt0120804,Resident Evil the Movie,0.681818182,0.150487008,nm0000170,actress,0.118181143,Horror,Milla Jovovich
tt0120804,Resident Evil the Movie,0.681818182,0.150487008,nm0000170,actress,0.118181143,Sci-Fi,Milla Jovovich
tt0120804,Resident Evil: Ground Zero,0.681818182,0.150487008,nm0735442,actress,0.118181143,Action,Michelle Rodriguez
tt0120804,Resident Evil: Ground Zero,0.681818182,0.150487008,nm0735442,actress,0.118181143,Horror,Michelle Rodriguez
tt0120804,Resident Evil: Ground Zero,0.681818182,0.150487008,nm0735442,actress,0.118181143,Sci-Fi,Michelle Rodriguez
tt0120804,Resident Evil the Movie,0.681818182,0.150487008,nm0735442,actress,0.118181143,Action,Michelle Rodriguez
tt0120804,Resident Evil the Movie,0.681818182,0.150487008,nm0735442,actress,0.118181143,Horror,Michelle Rodriguez
tt0120804,Resident Evil the Movie,0.681818182,0.150487008,nm0735442,actress,0.118181143,Sci-Fi,Michelle Rodriguez
tt0120804,Resident Evil: Ground Zero,0.681818182,0.150487008,nm1011675,actor,0.118181143,Action,Ryan McCluskey
tt0120804,Resident Evil: Ground Zero,0.681818182,0.150487008,nm1011675,actor,0.118181143,Horror,Ryan McCluskey
tt0120804,Resident Evil: Ground Zero,0.681818182,0.150487008,nm1011675,actor,0.118181143,Sci-Fi,Ryan McCluskey
tt0120804,Resident Evil the Movie,0.681818182,0.150487008,nm1011675,actor,0.118181143,Action,Ryan McCluskey
tt0120804,Resident Evil the Movie,0.681818182,0.150487008,nm1011675,actor,0.118181143,Horror,Ryan McCluskey
tt0120804,Resident Evil the Movie,0.681818182,0.150487008,nm1011675,actor,0.118181143,Sci-Fi,Ryan McCluskey
tt0120804,Resident Evil: Ground Zero,0.681818182,0.150487008,nm0668994,actor,0.118181143,Action,Oscar Pearce
tt0120804,Resident Evil: Ground Zero,0.681818182,0.150487008,nm0668994,actor,0.118181143,Horror,Oscar Pearce
tt0120804,Resident Evil: Ground Zero,0.681818182,0.150487008,nm0668994,actor,0.118181143,Sci-Fi,Oscar Pearce
tt0120804,Resident Evil the Movie,0.681818182,0.150487008,nm0668994,actor,0.118181143,Action,Oscar Pearce
tt0120804,Resident Evil the Movie,0.681818182,0.150487008,nm0668994,actor,0.118181143,Horror,Oscar Pearce
tt0120804,Resident Evil the Movie,0.681818182,0.150487008,nm0668994,actor,0.118181143,Sci-Fi,Oscar Pearce
tt0120804,Resident Evil: Ground Zero,0.681818182,0.150487008,nm0027271,director,0.118181143,Action,Paul W.S. Anderson
tt0120804,Resident Evil: Ground Zero,0.681818182,0.150487008,nm0027271,director,0.118181143,Horror,Paul W.S. Anderson
tt0120804,Resident Evil: Ground Zero,0.681818182,0.150487008,nm0027271,director,0.118181143,Sci-Fi,Paul W.S. Anderson
tt0120804,Resident Evil the Movie,0.681818182,0.150487008,nm0027271,director,0.118181143,Action,Paul W.S. Anderson
tt0120804,Resident Evil the Movie,0.681818182,0.150487008,nm0027271,director,0.118181143,Horror,Paul W.S. Anderson
tt0120804,Resident Evil the Movie,0.681818182,0.150487008,nm0027271,director,0.118181143,Sci-Fi,Paul W.S. Anderson
tt0120912,Men in Black II,0.606060606,0.206720249,nm0000169,actor,0.507036653,Action,Tommy Lee Jones
tt0120912,Men in Black II,0.606060606,0.206720249,nm0000169,actor,0.507036653,Adventure,Tommy Lee Jones
tt0120912,Men in Black II,0.606060606,0.206720249,nm0000169,actor,0.507036653,Comedy,Tommy Lee Jones
tt0120912,Men in Black 2,0.606060606,0.206720249,nm0000169,actor,0.507036653,Action,Tommy Lee Jones
tt0120912,Men in Black 2,0.606060606,0.206720249,nm0000169,actor,0.507036653,Adventure,Tommy Lee Jones
tt0120912,Men in Black 2,0.606060606,0.206720249,nm0000169,actor,0.507036653,Comedy,Tommy Lee Jones
tt0120912,MIB 2,0.606060606,0.206720249,nm0000169,actor,0.507036653,Action,Tommy Lee Jones
tt0120912,MIB 2,0.606060606,0.206720249,nm0000169,actor,0.507036653,Adventure,Tommy Lee Jones
tt0120912,MIB 2,0.606060606,0.206720249,nm0000169,actor,0.507036653,Comedy,Tommy Lee Jones
tt0120912,MIIB,0.606060606,0.206720249,nm0000169,actor,0.507036653,Action,Tommy Lee Jones
tt0120912,MIIB,0.606060606,0.206720249,nm0000169,actor,0.507036653,Adventure,Tommy Lee Jones
tt0120912,MIIB,0.606060606,0.206720249,nm0000169,actor,0.507036653,Comedy,Tommy Lee Jones
tt0120912,Men in Black II,0.606060606,0.206720249,nm0000226,actor,0.507036653,Action,Will Smith
tt0120912,Men in Black II,0.606060606,0.206720249,nm0000226,actor,0.507036653,Adventure,Will Smith
tt0120912,Men in Black II,0.606060606,0.206720249,nm0000226,actor,0.507036653,Comedy,Will Smith
tt0120912,Men in Black 2,0.606060606,0.206720249,nm0000226,actor,0.507036653,Action,Will Smith
tt0120912,Men in Black 2,0.606060606,0.206720249,nm0000226,actor,0.507036653,Adventure,Will Smith
tt0120912,Men in Black 2,0.606060606,0.206720249,nm0000226,actor,0.507036653,Comedy,Will Smith
tt0120912,MIB 2,0.606060606,0.206720249,nm0000226,actor,0.507036653,Action,Will Smith
tt0120912,MIB 2,0.606060606,0.206720249,nm0000226,actor,0.507036653,Adventure,Will Smith
tt0120912,MIB 2,0.606060606,0.206720249,nm0000226,actor,0.507036653,Comedy,Will Smith
tt0120912,MIIB,0.606060606,0.206720249,nm0000226,actor,0.507036653,Action,Will Smith
tt0120912,MIIB,0.606060606,0.206720249,nm0000226,actor,0.507036653,Adventure,Will Smith
tt0120912,MIIB,0.606060606,0.206720249,nm0000226,actor,0.507036653,Comedy,Will Smith
tt0120912,Men in Black II,0.606060606,0.206720249,nm0001800,actor,0.507036653,Action,Rip Torn
tt0120912,Men in Black II,0.606060606,0.206720249,nm0001800,actor,0.507036653,Adventure,Rip Torn
tt0120912,Men in Black II,0.606060606,0.206720249,nm0001800,actor,0.507036653,Comedy,Rip Torn
tt0120912,Men in Black 2,0.606060606,0.206720249,nm0001800,actor,0.507036653,Action,Rip Torn
tt0120912,Men in Black 2,0.606060606,0.206720249,nm0001800,actor,0.507036653,Adventure,Rip Torn
tt0120912,Men in Black 2,0.606060606,0.206720249,nm0001800,actor,0.507036653,Comedy,Rip Torn
tt0120912,MIB 2,0.606060606,0.206720249,nm0001800,actor,0.507036653,Action,Rip Torn
tt0120912,MIB 2,0.606060606,0.206720249,nm0001800,actor,0.507036653,Adventure,Rip Torn
tt0120912,MIB 2,0.606060606,0.206720249,nm0001800,actor,0.507036653,Comedy,Rip Torn
tt0120912,MIIB,0.606060606,0.206720249,nm0001800,actor,0.507036653,Action,Rip Torn
tt0120912,MIIB,0.606060606,0.206720249,nm0001800,actor,0.507036653,Adventure,Rip Torn
tt0120912,MIIB,0.606060606,0.206720249,nm0001800,actor,0.507036653,Comedy,Rip Torn
tt0120912,Men in Black II,0.606060606,0.206720249,nm0001223,actress,0.507036653,Action,Lara Flynn Boyle
tt0120912,Men in Black II,0.606060606,0.206720249,nm0001223,actress,0.507036653,Adventure,Lara Flynn Boyle
tt0120912,Men in Black II,0.606060606,0.206720249,nm0001223,actress,0.507036653,Comedy,Lara Flynn Boyle
tt0120912,Men in Black 2,0.606060606,0.206720249,nm0001223,actress,0.507036653,Action,Lara Flynn Boyle
tt0120912,Men in Black 2,0.606060606,0.206720249,nm0001223,actress,0.507036653,Adventure,Lara Flynn Boyle
tt0120912,Men in Black 2,0.606060606,0.206720249,nm0001223,actress,0.507036653,Comedy,Lara Flynn Boyle
tt0120912,MIB 2,0.606060606,0.206720249,nm0001223,actress,0.507036653,Action,Lara Flynn Boyle
tt0120912,MIB 2,0.606060606,0.206720249,nm0001223,actress,0.507036653,Adventure,Lara Flynn Boyle
tt0120912,MIB 2,0.606060606,0.206720249,nm0001223,actress,0.507036653,Comedy,Lara Flynn Boyle
tt0120912,MIIB,0.606060606,0.206720249,nm0001223,actress,0.507036653,Action,Lara Flynn Boyle
tt0120912,MIIB,0.606060606,0.206720249,nm0001223,actress,0.507036653,Adventure,Lara Flynn Boyle
tt0120912,MIIB,0.606060606,0.206720249,nm0001223,actress,0.507036653,Comedy,Lara Flynn Boyle
tt0120912,Men in Black II,0.606060606,0.206720249,nm0001756,director,0.507036653,Action,Barry Sonnenfeld
tt0120912,Men in Black II,0.606060606,0.206720249,nm0001756,director,0.507036653,Adventure,Barry Sonnenfeld
tt0120912,Men in Black II,0.606060606,0.206720249,nm0001756,director,0.507036653,Comedy,Barry Sonnenfeld
tt0120912,Men in Black 2,0.606060606,0.206720249,nm0001756,director,0.507036653,Action,Barry Sonnenfeld
tt0120912,Men in Black 2,0.606060606,0.206720249,nm0001756,director,0.507036653,Adventure,Barry Sonnenfeld
tt0120912,Men in Black 2,0.606060606,0.206720249,nm0001756,director,0.507036653,Comedy,Barry Sonnenfeld
tt0120912,MIB 2,0.606060606,0.206720249,nm0001756,director,0.507036653,Action,Barry Sonnenfeld
tt0120912,MIB 2,0.606060606,0.206720249,nm0001756,director,0.507036653,Adventure,Barry Sonnenfeld
tt0120912,MIB 2,0.606060606,0.206720249,nm0001756,director,0.507036653,Comedy,Barry Sonnenfeld
tt0120912,MIIB,0.606060606,0.206720249,nm0001756,director,0.507036653,Action,Barry Sonnenfeld
tt0120912,MIIB,0.606060606,0.206720249,nm0001756,director,0.507036653,Adventure,Barry Sonnenfeld
tt0120912,MIIB,0.606060606,0.206720249,nm0001756,director,0.507036653,Comedy,Barry Sonnenfeld
tt0120912,Men in Black II,0.606060606,0.206720249,nm0192384,writer,0.507036653,Action,Lowell Cunningham
tt0120912,Men in Black II,0.606060606,0.206720249,nm0192384,writer,0.507036653,Adventure,Lowell Cunningham
tt0120912,Men in Black II,0.606060606,0.206720249,nm0192384,writer,0.507036653,Comedy,Lowell Cunningham
tt0120912,Men in Black 2,0.606060606,0.206720249,nm0192384,writer,0.507036653,Action,Lowell Cunningham
tt0120912,Men in Black 2,0.606060606,0.206720249,nm0192384,writer,0.507036653,Adventure,Lowell Cunningham
tt0120912,Men in Black 2,0.606060606,0.206720249,nm0192384,writer,0.507036653,Comedy,Lowell Cunningham
tt0120912,MIB 2,0.606060606,0.206720249,nm0192384,writer,0.507036653,Action,Lowell Cunningham
tt0120912,MIB 2,0.606060606,0.206720249,nm0192384,writer,0.507036653,Adventure,Lowell Cunningham
tt0120912,MIB 2,0.606060606,0.206720249,nm0192384,writer,0.507036653,Comedy,Lowell Cunningham
tt0120912,MIIB,0.606060606,0.206720249,nm0192384,writer,0.507036653,Action,Lowell Cunningham
tt0120912,MIIB,0.606060606,0.206720249,nm0192384,writer,0.507036653,Adventure,Lowell Cunningham
tt0120912,MIIB,0.606060606,0.206720249,nm0192384,writer,0.507036653,Comedy,Lowell Cunningham
tt0120912,Men in Black II,0.606060606,0.206720249,nm0330565,writer,0.507036653,Action,Robert Gordon
tt0120912,Men in Black II,0.606060606,0.206720249,nm0330565,writer,0.507036653,Adventure,Robert Gordon
tt0120912,Men in Black II,0.606060606,0.206720249,nm0330565,writer,0.507036653,Comedy,Robert Gordon
tt0120912,Men in Black 2,0.606060606,0.206720249,nm0330565,writer,0.507036653,Action,Robert Gordon
tt0120912,Men in Black 2,0.606060606,0.206720249,nm0330565,writer,0.507036653,Adventure,Robert Gordon
tt0120912,Men in Black 2,0.606060606,0.206720249,nm0330565,writer,0.507036653,Comedy,Robert Gordon
tt0120912,MIB 2,0.606060606,0.206720249,nm0330565,writer,0.507036653,Action,Robert Gordon
tt0120912,MIB 2,0.606060606,0.206720249,nm0330565,writer,0.507036653,Adventure,Robert Gordon
tt0120912,MIB 2,0.606060606,0.206720249,nm0330565,writer,0.507036653,Comedy,Robert Gordon
tt0120912,MIIB,0.606060606,0.206720249,nm0330565,writer,0.507036653,Action,Robert Gordon
tt0120912,MIIB,0.606060606,0.206720249,nm0330565,writer,0.507036653,Adventure,Robert Gordon
tt0120912,MIIB,0.606060606,0.206720249,nm0330565,writer,0.507036653,Comedy,Robert Gordon
tt0120912,Men in Black II,0.606060606,0.206720249,nm0266673,writer,0.507036653,Action,Barry Fanaro
tt0120912,Men in Black II,0.606060606,0.206720249,nm0266673,writer,0.507036653,Adventure,Barry Fanaro
tt0120912,Men in Black II,0.606060606,0.206720249,nm0266673,writer,0.507036653,Comedy,Barry Fanaro
tt0120912,Men in Black 2,0.606060606,0.206720249,nm0266673,writer,0.507036653,Action,Barry Fanaro
tt0120912,Men in Black 2,0.606060606,0.206720249,nm0266673,writer,0.507036653,Adventure,Barry Fanaro
tt0120912,Men in Black 2,0.606060606,0.206720249,nm0266673,writer,0.507036653,Comedy,Barry Fanaro
tt0120912,MIB 2,0.606060606,0.206720249,nm0266673,writer,0.507036653,Action,Barry Fanaro
tt0120912,MIB 2,0.606060606,0.206720249,nm0266673,writer,0.507036653,Adventure,Barry Fanaro
tt0120912,MIB 2,0.606060606,0.206720249,nm0266673,writer,0.507036653,Comedy,Barry Fanaro
tt0120912,MIIB,0.606060606,0.206720249,nm0266673,writer,0.507036653,Action,Barry Fanaro
tt0120912,MIIB,0.606060606,0.206720249,nm0266673,writer,0.507036653,Adventure,Barry Fanaro
tt0120912,MIIB,0.606060606,0.206720249,nm0266673,writer,0.507036653,Comedy,Barry Fanaro
tt0121164,Corpse Bride,0.772727273,0.145235284,nm0972040,writer,0.134489173,Animation,Pamela Pettler
tt0121164,Corpse Bride,0.772727273,0.145235284,nm0972040,writer,0.134489173,Drama,Pamela Pettler
tt0121164,Corpse Bride,0.772727273,0.145235284,nm0972040,writer,0.134489173,Family,Pamela Pettler
tt0121164,Tim Burton's Corpse Bride,0.772727273,0.145235284,nm0972040,writer,0.134489173,Animation,Pamela Pettler
tt0121164,Tim Burton's Corpse Bride,0.772727273,0.145235284,nm0972040,writer,0.134489173,Drama,Pamela Pettler
tt0121164,Tim Burton's Corpse Bride,0.772727273,0.145235284,nm0972040,writer,0.134489173,Family,Pamela Pettler
tt0121164,Corpse Bride,0.772727273,0.145235284,nm0000307,actress,0.134489173,Animation,Helena Bonham Carter
tt0121164,Corpse Bride,0.772727273,0.145235284,nm0000307,actress,0.134489173,Drama,Helena Bonham Carter
tt0121164,Corpse Bride,0.772727273,0.145235284,nm0000307,actress,0.134489173,Family,Helena Bonham Carter
tt0121164,Tim Burton's Corpse Bride,0.772727273,0.145235284,nm0000307,actress,0.134489173,Animation,Helena Bonham Carter
tt0121164,Tim Burton's Corpse Bride,0.772727273,0.145235284,nm0000307,actress,0.134489173,Drama,Helena Bonham Carter
tt0121164,Tim Burton's Corpse Bride,0.772727273,0.145235284,nm0000307,actress,0.134489173,Family,Helena Bonham Carter
tt0121164,Corpse Bride,0.772727273,0.145235284,nm0001833,actress,0.134489173,Animation,Emily Watson
tt0121164,Corpse Bride,0.772727273,0.145235284,nm0001833,actress,0.134489173,Drama,Emily Watson
tt0121164,Corpse Bride,0.772727273,0.145235284,nm0001833,actress,0.134489173,Family,Emily Watson
tt0121164,Tim Burton's Corpse Bride,0.772727273,0.145235284,nm0001833,actress,0.134489173,Animation,Emily Watson
tt0121164,Tim Burton's Corpse Bride,0.772727273,0.145235284,nm0001833,actress,0.134489173,Drama,Emily Watson
tt0121164,Tim Burton's Corpse Bride,0.772727273,0.145235284,nm0001833,actress,0.134489173,Family,Emily Watson
tt0121164,Corpse Bride,0.772727273,0.145235284,nm0001808,actress,0.134489173,Animation,Tracey Ullman
tt0121164,Corpse Bride,0.772727273,0.145235284,nm0001808,actress,0.134489173,Drama,Tracey Ullman
tt0121164,Corpse Bride,0.772727273,0.145235284,nm0001808,actress,0.134489173,Family,Tracey Ullman
tt0121164,Tim Burton's Corpse Bride,0.772727273,0.145235284,nm0001808,actress,0.134489173,Animation,Tracey Ullman
tt0121164,Tim Burton's Corpse Bride,0.772727273,0.145235284,nm0001808,actress,0.134489173,Drama,Tracey Ullman
tt0121164,Tim Burton's Corpse Bride,0.772727273,0.145235284,nm0001808,actress,0.134489173,Family,Tracey Ullman
tt0121164,Corpse Bride,0.772727273,0.145235284,nm0000318,director,0.134489173,Animation,Tim Burton
tt0121164,Corpse Bride,0.772727273,0.145235284,nm0000318,director,0.134489173,Drama,Tim Burton
tt0121164,Corpse Bride,0.772727273,0.145235284,nm0000318,director,0.134489173,Family,Tim Burton
tt0121164,Tim Burton's Corpse Bride,0.772727273,0.145235284,nm0000318,director,0.134489173,Animation,Tim Burton
tt0121164,Tim Burton's Corpse Bride,0.772727273,0.145235284,nm0000318,director,0.134489173,Drama,Tim Burton
tt0121164,Tim Burton's Corpse Bride,0.772727273,0.145235284,nm0000318,director,0.134489173,Family,Tim Burton
tt0121164,Corpse Bride,0.772727273,0.145235284,nm0425843,director,0.134489173,Animation,Mike Johnson
tt0121164,Corpse Bride,0.772727273,0.145235284,nm0425843,director,0.134489173,Drama,Mike Johnson
tt0121164,Corpse Bride,0.772727273,0.145235284,nm0425843,director,0.134489173,Family,Mike Johnson
tt0121164,Tim Burton's Corpse Bride,0.772727273,0.145235284,nm0425843,director,0.134489173,Animation,Mike Johnson
tt0121164,Tim Burton's Corpse Bride,0.772727273,0.145235284,nm0425843,director,0.134489173,Drama,Mike Johnson
tt0121164,Tim Burton's Corpse Bride,0.772727273,0.145235284,nm0425843,director,0.134489173,Family,Mike Johnson
tt0121164,Corpse Bride,0.772727273,0.145235284,nm0335022,writer,0.134489173,Animation,Carlos Grangel
tt0121164,Corpse Bride,0.772727273,0.145235284,nm0335022,writer,0.134489173,Drama,Carlos Grangel
tt0121164,Corpse Bride,0.772727273,0.145235284,nm0335022,writer,0.134489173,Family,Carlos Grangel
tt0121164,Tim Burton's Corpse Bride,0.772727273,0.145235284,nm0335022,writer,0.134489173,Animation,Carlos Grangel
tt0121164,Tim Burton's Corpse Bride,0.772727273,0.145235284,nm0335022,writer,0.134489173,Drama,Carlos Grangel
tt0121164,Tim Burton's Corpse Bride,0.772727273,0.145235284,nm0335022,writer,0.134489173,Family,Carlos Grangel
tt0121164,Corpse Bride,0.772727273,0.145235284,nm0041864,writer,0.134489173,Animation,John August
tt0121164,Corpse Bride,0.772727273,0.145235284,nm0041864,writer,0.134489173,Drama,John August
tt0121164,Corpse Bride,0.772727273,0.145235284,nm0041864,writer,0.134489173,Family,John August
tt0121164,Tim Burton's Corpse Bride,0.772727273,0.145235284,nm0041864,writer,0.134489173,Animation,John August
tt0121164,Tim Burton's Corpse Bride,0.772727273,0.145235284,nm0041864,writer,0.134489173,Drama,John August
tt0121164,Tim Burton's Corpse Bride,0.772727273,0.145235284,nm0041864,writer,0.134489173,Family,John August
tt0121164,Corpse Bride,0.772727273,0.145235284,nm0003031,writer,0.134489173,Animation,Caroline Thompson
tt0121164,Corpse Bride,0.772727273,0.145235284,nm0003031,writer,0.134489173,Drama,Caroline Thompson
tt0121164,Corpse Bride,0.772727273,0.145235284,nm0003031,writer,0.134489173,Family,Caroline Thompson
tt0121164,Tim Burton's Corpse Bride,0.772727273,0.145235284,nm0003031,writer,0.134489173,Animation,Caroline Thompson
tt0121164,Tim Burton's Corpse Bride,0.772727273,0.145235284,nm0003031,writer,0.134489173,Drama,Caroline Thompson
tt0121164,Tim Burton's Corpse Bride,0.772727273,0.145235284,nm0003031,writer,0.134489173,Family,Caroline Thompson
tt0121765,Star Wars: Episode II - Attack of the Clones 3D,0.666666667,0.378823483,nm0159789,actor,0.745260846,Action,Hayden Christensen
tt0121765,Star Wars: Episode II - Attack of the Clones 3D,0.666666667,0.378823483,nm0159789,actor,0.745260846,Adventure,Hayden Christensen
tt0121765,Star Wars: Episode II - Attack of the Clones 3D,0.666666667,0.378823483,nm0159789,actor,0.745260846,Fantasy,Hayden Christensen
tt0121765,Star Wars II: Attack of the Clones,0.666666667,0.378823483,nm0159789,actor,0.745260846,Action,Hayden Christensen
tt0121765,Star Wars II: Attack of the Clones,0.666666667,0.378823483,nm0159789,actor,0.745260846,Adventure,Hayden Christensen
tt0121765,Star Wars II: Attack of the Clones,0.666666667,0.378823483,nm0159789,actor,0.745260846,Fantasy,Hayden Christensen
tt0121765,Attack of the Clones,0.666666667,0.378823483,nm0159789,actor,0.745260846,Action,Hayden Christensen
tt0121765,Attack of the Clones,0.666666667,0.378823483,nm0159789,actor,0.745260846,Adventure,Hayden Christensen
tt0121765,Attack of the Clones,0.666666667,0.378823483,nm0159789,actor,0.745260846,Fantasy,Hayden Christensen
tt0121765,Attack of the Clones: The IMAX Experience,0.666666667,0.378823483,nm0159789,actor,0.745260846,Action,Hayden Christensen
tt0121765,Attack of the Clones: The IMAX Experience,0.666666667,0.378823483,nm0159789,actor,0.745260846,Adventure,Hayden Christensen
tt0121765,Attack of the Clones: The IMAX Experience,0.666666667,0.378823483,nm0159789,actor,0.745260846,Fantasy,Hayden Christensen
tt0121765,Star Wars II,0.666666667,0.378823483,nm0159789,actor,0.745260846,Action,Hayden Christensen
tt0121765,Star Wars II,0.666666667,0.378823483,nm0159789,actor,0.745260846,Adventure,Hayden Christensen
tt0121765,Star Wars II,0.666666667,0.378823483,nm0159789,actor,0.745260846,Fantasy,Hayden Christensen
tt0121765,Star Wars: Episode II - Attack of the Clones,0.666666667,0.378823483,nm0159789,actor,0.745260846,Action,Hayden Christensen
tt0121765,Star Wars: Episode II - Attack of the Clones,0.666666667,0.378823483,nm0159789,actor,0.745260846,Adventure,Hayden Christensen
tt0121765,Star Wars: Episode II - Attack of the Clones,0.666666667,0.378823483,nm0159789,actor,0.745260846,Fantasy,Hayden Christensen
tt0121766,Star Wars: Revenge of the Sith,0.803030303,0.422026578,nm0159789,actor,0.975477055,Action,Hayden Christensen
tt0121766,Star Wars: Revenge of the Sith,0.803030303,0.422026578,nm0159789,actor,0.975477055,Adventure,Hayden Christensen
tt0121766,Star Wars: Revenge of the Sith,0.803030303,0.422026578,nm0159789,actor,0.975477055,Fantasy,Hayden Christensen
tt0121766,Star Wars: Episode III - Revenge of the Sith,0.803030303,0.422026578,nm0159789,actor,0.975477055,Action,Hayden Christensen
tt0121766,Star Wars: Episode III - Revenge of the Sith,0.803030303,0.422026578,nm0159789,actor,0.975477055,Adventure,Hayden Christensen
tt0121766,Star Wars: Episode III - Revenge of the Sith,0.803030303,0.422026578,nm0159789,actor,0.975477055,Fantasy,Hayden Christensen
tt0121766,Star Wars: Episode III,0.803030303,0.422026578,nm0159789,actor,0.975477055,Action,Hayden Christensen
tt0121766,Star Wars: Episode III,0.803030303,0.422026578,nm0159789,actor,0.975477055,Adventure,Hayden Christensen
tt0121766,Star Wars: Episode III,0.803030303,0.422026578,nm0159789,actor,0.975477055,Fantasy,Hayden Christensen
tt0121766,Star Wars III: Revenge of the Sith,0.803030303,0.422026578,nm0159789,actor,0.975477055,Action,Hayden Christensen
tt0121766,Star Wars III: Revenge of the Sith,0.803030303,0.422026578,nm0159789,actor,0.975477055,Adventure,Hayden Christensen
tt0121766,Star Wars III: Revenge of the Sith,0.803030303,0.422026578,nm0159789,actor,0.975477055,Fantasy,Hayden Christensen
tt0121766,Star Wars: Episode III - Revenge of the Sith 3D,0.803030303,0.422026578,nm0159789,actor,0.975477055,Action,Hayden Christensen
tt0121766,Star Wars: Episode III - Revenge of the Sith 3D,0.803030303,0.422026578,nm0159789,actor,0.975477055,Adventure,Hayden Christensen
tt0121766,Star Wars: Episode III - Revenge of the Sith 3D,0.803030303,0.422026578,nm0159789,actor,0.975477055,Fantasy,Hayden Christensen
tt0121766,Revenge of the Sith,0.803030303,0.422026578,nm0159789,actor,0.975477055,Action,Hayden Christensen
tt0121766,Revenge of the Sith,0.803030303,0.422026578,nm0159789,actor,0.975477055,Adventure,Hayden Christensen
tt0121766,Revenge of the Sith,0.803030303,0.422026578,nm0159789,actor,0.975477055,Fantasy,Hayden Christensen
tt0121765,Star Wars: Episode II - Attack of the Clones 3D,0.666666667,0.378823483,nm0000204,actress,0.745260846,Action,Natalie Portman
tt0121765,Star Wars: Episode II - Attack of the Clones 3D,0.666666667,0.378823483,nm0000204,actress,0.745260846,Adventure,Natalie Portman
tt0121765,Star Wars: Episode II - Attack of the Clones 3D,0.666666667,0.378823483,nm0000204,actress,0.745260846,Fantasy,Natalie Portman
tt0121765,Star Wars II: Attack of the Clones,0.666666667,0.378823483,nm0000204,actress,0.745260846,Action,Natalie Portman
tt0121765,Star Wars II: Attack of the Clones,0.666666667,0.378823483,nm0000204,actress,0.745260846,Adventure,Natalie Portman
tt0121765,Star Wars II: Attack of the Clones,0.666666667,0.378823483,nm0000204,actress,0.745260846,Fantasy,Natalie Portman
tt0121765,Attack of the Clones,0.666666667,0.378823483,nm0000204,actress,0.745260846,Action,Natalie Portman
tt0121765,Attack of the Clones,0.666666667,0.378823483,nm0000204,actress,0.745260846,Adventure,Natalie Portman
tt0121765,Attack of the Clones,0.666666667,0.378823483,nm0000204,actress,0.745260846,Fantasy,Natalie Portman
tt0121765,Attack of the Clones: The IMAX Experience,0.666666667,0.378823483,nm0000204,actress,0.745260846,Action,Natalie Portman
tt0121765,Attack of the Clones: The IMAX Experience,0.666666667,0.378823483,nm0000204,actress,0.745260846,Adventure,Natalie Portman
tt0121765,Attack of the Clones: The IMAX Experience,0.666666667,0.378823483,nm0000204,actress,0.745260846,Fantasy,Natalie Portman
tt0121765,Star Wars II,0.666666667,0.378823483,nm0000204,actress,0.745260846,Action,Natalie Portman
tt0121765,Star Wars II,0.666666667,0.378823483,nm0000204,actress,0.745260846,Adventure,Natalie Portman
tt0121765,Star Wars II,0.666666667,0.378823483,nm0000204,actress,0.745260846,Fantasy,Natalie Portman
tt0121765,Star Wars: Episode II - Attack of the Clones,0.666666667,0.378823483,nm0000204,actress,0.745260846,Action,Natalie Portman
tt0121765,Star Wars: Episode II - Attack of the Clones,0.666666667,0.378823483,nm0000204,actress,0.745260846,Adventure,Natalie Portman
tt0121765,Star Wars: Episode II - Attack of the Clones,0.666666667,0.378823483,nm0000204,actress,0.745260846,Fantasy,Natalie Portman
tt0121766,Star Wars: Revenge of the Sith,0.803030303,0.422026578,nm0000204,actress,0.975477055,Action,Natalie Portman
tt0121766,Star Wars: Revenge of the Sith,0.803030303,0.422026578,nm0000204,actress,0.975477055,Adventure,Natalie Portman
tt0121766,Star Wars: Revenge of the Sith,0.803030303,0.422026578,nm0000204,actress,0.975477055,Fantasy,Natalie Portman
tt0121766,Star Wars: Episode III - Revenge of the Sith,0.803030303,0.422026578,nm0000204,actress,0.975477055,Action,Natalie Portman
tt0121766,Star Wars: Episode III - Revenge of the Sith,0.803030303,0.422026578,nm0000204,actress,0.975477055,Adventure,Natalie Portman
tt0121766,Star Wars: Episode III - Revenge of the Sith,0.803030303,0.422026578,nm0000204,actress,0.975477055,Fantasy,Natalie Portman
tt0121766,Star Wars: Episode III,0.803030303,0.422026578,nm0000204,actress,0.975477055,Action,Natalie Portman
tt0121766,Star Wars: Episode III,0.803030303,0.422026578,nm0000204,actress,0.975477055,Adventure,Natalie Portman
tt0121766,Star Wars: Episode III,0.803030303,0.422026578,nm0000204,actress,0.975477055,Fantasy,Natalie Portman
tt0121766,Star Wars III: Revenge of the Sith,0.803030303,0.422026578,nm0000204,actress,0.975477055,Action,Natalie Portman
tt0121766,Star Wars III: Revenge of the Sith,0.803030303,0.422026578,nm0000204,actress,0.975477055,Adventure,Natalie Portman
tt0121766,Star Wars III: Revenge of the Sith,0.803030303,0.422026578,nm0000204,actress,0.975477055,Fantasy,Natalie Portman
tt0121766,Star Wars: Episode III - Revenge of the Sith 3D,0.803030303,0.422026578,nm0000204,actress,0.975477055,Action,Natalie Portman
tt0121766,Star Wars: Episode III - Revenge of the Sith 3D,0.803030303,0.422026578,nm0000204,actress,0.975477055,Adventure,Natalie Portman
tt0121766,Star Wars: Episode III - Revenge of the Sith 3D,0.803030303,0.422026578,nm0000204,actress,0.975477055,Fantasy,Natalie Portman
tt0121766,Revenge of the Sith,0.803030303,0.422026578,nm0000204,actress,0.975477055,Action,Natalie Portman
tt0121766,Revenge of the Sith,0.803030303,0.422026578,nm0000204,actress,0.975477055,Adventure,Natalie Portman
tt0121766,Revenge of the Sith,0.803030303,0.422026578,nm0000204,actress,0.975477055,Fantasy,Natalie Portman
tt0121765,Star Wars: Episode II - Attack of the Clones 3D,0.666666667,0.378823483,nm0000191,actor,0.745260846,Action,Ewan McGregor
tt0121765,Star Wars: Episode II - Attack of the Clones 3D,0.666666667,0.378823483,nm0000191,actor,0.745260846,Adventure,Ewan McGregor
tt0121765,Star Wars: Episode II - Attack of the Clones 3D,0.666666667,0.378823483,nm0000191,actor,0.745260846,Fantasy,Ewan McGregor
tt0121765,Star Wars II: Attack of the Clones,0.666666667,0.378823483,nm0000191,actor,0.745260846,Action,Ewan McGregor
tt0121765,Star Wars II: Attack of the Clones,0.666666667,0.378823483,nm0000191,actor,0.745260846,Adventure,Ewan McGregor
tt0121765,Star Wars II: Attack of the Clones,0.666666667,0.378823483,nm0000191,actor,0.745260846,Fantasy,Ewan McGregor
tt0121765,Attack of the Clones,0.666666667,0.378823483,nm0000191,actor,0.745260846,Action,Ewan McGregor
tt0121765,Attack of the Clones,0.666666667,0.378823483,nm0000191,actor,0.745260846,Adventure,Ewan McGregor
tt0121765,Attack of the Clones,0.666666667,0.378823483,nm0000191,actor,0.745260846,Fantasy,Ewan McGregor
tt0121765,Attack of the Clones: The IMAX Experience,0.666666667,0.378823483,nm0000191,actor,0.745260846,Action,Ewan McGregor
tt0121765,Attack of the Clones: The IMAX Experience,0.666666667,0.378823483,nm0000191,actor,0.745260846,Adventure,Ewan McGregor
tt0121765,Attack of the Clones: The IMAX Experience,0.666666667,0.378823483,nm0000191,actor,0.745260846,Fantasy,Ewan McGregor
tt0121765,Star Wars II,0.666666667,0.378823483,nm0000191,actor,0.745260846,Action,Ewan McGregor
tt0121765,Star Wars II,0.666666667,0.378823483,nm0000191,actor,0.745260846,Adventure,Ewan McGregor
tt0121765,Star Wars II,0.666666667,0.378823483,nm0000191,actor,0.745260846,Fantasy,Ewan McGregor
tt0121765,Star Wars: Episode II - Attack of the Clones,0.666666667,0.378823483,nm0000191,actor,0.745260846,Action,Ewan McGregor
tt0121765,Star Wars: Episode II - Attack of the Clones,0.666666667,0.378823483,nm0000191,actor,0.745260846,Adventure,Ewan McGregor
tt0121765,Star Wars: Episode II - Attack of the Clones,0.666666667,0.378823483,nm0000191,actor,0.745260846,Fantasy,Ewan McGregor
tt0121766,Star Wars: Revenge of the Sith,0.803030303,0.422026578,nm0000191,actor,0.975477055,Action,Ewan McGregor
tt0121766,Star Wars: Revenge of the Sith,0.803030303,0.422026578,nm0000191,actor,0.975477055,Adventure,Ewan McGregor
tt0121766,Star Wars: Revenge of the Sith,0.803030303,0.422026578,nm0000191,actor,0.975477055,Fantasy,Ewan McGregor
tt0121766,Star Wars: Episode III - Revenge of the Sith,0.803030303,0.422026578,nm0000191,actor,0.975477055,Action,Ewan McGregor
tt0121766,Star Wars: Episode III - Revenge of the Sith,0.803030303,0.422026578,nm0000191,actor,0.975477055,Adventure,Ewan McGregor
tt0121766,Star Wars: Episode III - Revenge of the Sith,0.803030303,0.422026578,nm0000191,actor,0.975477055,Fantasy,Ewan McGregor
tt0121766,Star Wars: Episode III,0.803030303,0.422026578,nm0000191,actor,0.975477055,Action,Ewan McGregor
tt0121766,Star Wars: Episode III,0.803030303,0.422026578,nm0000191,actor,0.975477055,Adventure,Ewan McGregor
tt0121766,Star Wars: Episode III,0.803030303,0.422026578,nm0000191,actor,0.975477055,Fantasy,Ewan McGregor
tt0121766,Star Wars III: Revenge of the Sith,0.803030303,0.422026578,nm0000191,actor,0.975477055,Action,Ewan McGregor
tt0121766,Star Wars III: Revenge of the Sith,0.803030303,0.422026578,nm0000191,actor,0.975477055,Adventure,Ewan McGregor
tt0121766,Star Wars III: Revenge of the Sith,0.803030303,0.422026578,nm0000191,actor,0.975477055,Fantasy,Ewan McGregor
tt0121766,Star Wars: Episode III - Revenge of the Sith 3D,0.803030303,0.422026578,nm0000191,actor,0.975477055,Action,Ewan McGregor
tt0121766,Star Wars: Episode III - Revenge of the Sith 3D,0.803030303,0.422026578,nm0000191,actor,0.975477055,Adventure,Ewan McGregor
tt0121766,Star Wars: Episode III - Revenge of the Sith 3D,0.803030303,0.422026578,nm0000191,actor,0.975477055,Fantasy,Ewan McGregor
tt0121766,Revenge of the Sith,0.803030303,0.422026578,nm0000191,actor,0.975477055,Action,Ewan McGregor
tt0121766,Revenge of the Sith,0.803030303,0.422026578,nm0000191,actor,0.975477055,Adventure,Ewan McGregor
tt0121766,Revenge of the Sith,0.803030303,0.422026578,nm0000191,actor,0.975477055,Fantasy,Ewan McGregor
tt0121765,Star Wars: Episode II - Attack of the Clones 3D,0.666666667,0.378823483,nm0000489,actor,0.745260846,Action,Christopher Lee
tt0121765,Star Wars: Episode II - Attack of the Clones 3D,0.666666667,0.378823483,nm0000489,actor,0.745260846,Adventure,Christopher Lee
tt0121765,Star Wars: Episode II - Attack of the Clones 3D,0.666666667,0.378823483,nm0000489,actor,0.745260846,Fantasy,Christopher Lee
tt0121765,Star Wars II: Attack of the Clones,0.666666667,0.378823483,nm0000489,actor,0.745260846,Action,Christopher Lee
tt0121765,Star Wars II: Attack of the Clones,0.666666667,0.378823483,nm0000489,actor,0.745260846,Adventure,Christopher Lee
tt0121765,Star Wars II: Attack of the Clones,0.666666667,0.378823483,nm0000489,actor,0.745260846,Fantasy,Christopher Lee
tt0121765,Attack of the Clones,0.666666667,0.378823483,nm0000489,actor,0.745260846,Action,Christopher Lee
tt0121765,Attack of the Clones,0.666666667,0.378823483,nm0000489,actor,0.745260846,Adventure,Christopher Lee
tt0121765,Attack of the Clones,0.666666667,0.378823483,nm0000489,actor,0.745260846,Fantasy,Christopher Lee
tt0121765,Attack of the Clones: The IMAX Experience,0.666666667,0.378823483,nm0000489,actor,0.745260846,Action,Christopher Lee
tt0121765,Attack of the Clones: The IMAX Experience,0.666666667,0.378823483,nm0000489,actor,0.745260846,Adventure,Christopher Lee
tt0121765,Attack of the Clones: The IMAX Experience,0.666666667,0.378823483,nm0000489,actor,0.745260846,Fantasy,Christopher Lee
tt0121765,Star Wars II,0.666666667,0.378823483,nm0000489,actor,0.745260846,Action,Christopher Lee
tt0121765,Star Wars II,0.666666667,0.378823483,nm0000489,actor,0.745260846,Adventure,Christopher Lee
tt0121765,Star Wars II,0.666666667,0.378823483,nm0000489,actor,0.745260846,Fantasy,Christopher Lee
tt0121765,Star Wars: Episode II - Attack of the Clones,0.666666667,0.378823483,nm0000489,actor,0.745260846,Action,Christopher Lee
tt0121765,Star Wars: Episode II - Attack of the Clones,0.666666667,0.378823483,nm0000489,actor,0.745260846,Adventure,Christopher Lee
tt0121765,Star Wars: Episode II - Attack of the Clones,0.666666667,0.378823483,nm0000489,actor,0.745260846,Fantasy,Christopher Lee
tt0121765,Star Wars: Episode II - Attack of the Clones 3D,0.666666667,0.378823483,nm0000184,director,0.745260846,Action,George Lucas
tt0121765,Star Wars: Episode II - Attack of the Clones 3D,0.666666667,0.378823483,nm0000184,director,0.745260846,Adventure,George Lucas
tt0121765,Star Wars: Episode II - Attack of the Clones 3D,0.666666667,0.378823483,nm0000184,director,0.745260846,Fantasy,George Lucas
tt0121765,Star Wars II: Attack of the Clones,0.666666667,0.378823483,nm0000184,director,0.745260846,Action,George Lucas
tt0121765,Star Wars II: Attack of the Clones,0.666666667,0.378823483,nm0000184,director,0.745260846,Adventure,George Lucas
tt0121765,Star Wars II: Attack of the Clones,0.666666667,0.378823483,nm0000184,director,0.745260846,Fantasy,George Lucas
tt0121765,Attack of the Clones,0.666666667,0.378823483,nm0000184,director,0.745260846,Action,George Lucas
tt0121765,Attack of the Clones,0.666666667,0.378823483,nm0000184,director,0.745260846,Adventure,George Lucas
tt0121765,Attack of the Clones,0.666666667,0.378823483,nm0000184,director,0.745260846,Fantasy,George Lucas
tt0121765,Attack of the Clones: The IMAX Experience,0.666666667,0.378823483,nm0000184,director,0.745260846,Action,George Lucas
tt0121765,Attack of the Clones: The IMAX Experience,0.666666667,0.378823483,nm0000184,director,0.745260846,Adventure,George Lucas
tt0121765,Attack of the Clones: The IMAX Experience,0.666666667,0.378823483,nm0000184,director,0.745260846,Fantasy,George Lucas
tt0121765,Star Wars II,0.666666667,0.378823483,nm0000184,director,0.745260846,Action,George Lucas
tt0121765,Star Wars II,0.666666667,0.378823483,nm0000184,director,0.745260846,Adventure,George Lucas
tt0121765,Star Wars II,0.666666667,0.378823483,nm0000184,director,0.745260846,Fantasy,George Lucas
tt0121765,Star Wars: Episode II - Attack of the Clones,0.666666667,0.378823483,nm0000184,director,0.745260846,Action,George Lucas
tt0121765,Star Wars: Episode II - Attack of the Clones,0.666666667,0.378823483,nm0000184,director,0.745260846,Adventure,George Lucas
tt0121765,Star Wars: Episode II - Attack of the Clones,0.666666667,0.378823483,nm0000184,director,0.745260846,Fantasy,George Lucas
tt0121766,Star Wars: Revenge of the Sith,0.803030303,0.422026578,nm0000184,director,0.975477055,Action,George Lucas
tt0121766,Star Wars: Revenge of the Sith,0.803030303,0.422026578,nm0000184,director,0.975477055,Adventure,George Lucas
tt0121766,Star Wars: Revenge of the Sith,0.803030303,0.422026578,nm0000184,director,0.975477055,Fantasy,George Lucas
tt0121766,Star Wars: Episode III - Revenge of the Sith,0.803030303,0.422026578,nm0000184,director,0.975477055,Action,George Lucas
tt0121766,Star Wars: Episode III - Revenge of the Sith,0.803030303,0.422026578,nm0000184,director,0.975477055,Adventure,George Lucas
tt0121766,Star Wars: Episode III - Revenge of the Sith,0.803030303,0.422026578,nm0000184,director,0.975477055,Fantasy,George Lucas
tt0121766,Star Wars: Episode III,0.803030303,0.422026578,nm0000184,director,0.975477055,Action,George Lucas
tt0121766,Star Wars: Episode III,0.803030303,0.422026578,nm0000184,director,0.975477055,Adventure,George Lucas
tt0121766,Star Wars: Episode III,0.803030303,0.422026578,nm0000184,director,0.975477055,Fantasy,George Lucas
tt0121766,Star Wars III: Revenge of the Sith,0.803030303,0.422026578,nm0000184,director,0.975477055,Action,George Lucas
tt0121766,Star Wars III: Revenge of the Sith,0.803030303,0.422026578,nm0000184,director,0.975477055,Adventure,George Lucas
tt0121766,Star Wars III: Revenge of the Sith,0.803030303,0.422026578,nm0000184,director,0.975477055,Fantasy,George Lucas
tt0121766,Star Wars: Episode III - Revenge of the Sith 3D,0.803030303,0.422026578,nm0000184,director,0.975477055,Action,George Lucas
tt0121766,Star Wars: Episode III - Revenge of the Sith 3D,0.803030303,0.422026578,nm0000184,director,0.975477055,Adventure,George Lucas
tt0121766,Star Wars: Episode III - Revenge of the Sith 3D,0.803030303,0.422026578,nm0000184,director,0.975477055,Fantasy,George Lucas
tt0121766,Revenge of the Sith,0.803030303,0.422026578,nm0000184,director,0.975477055,Action,George Lucas
tt0121766,Revenge of the Sith,0.803030303,0.422026578,nm0000184,director,0.975477055,Adventure,George Lucas
tt0121766,Revenge of the Sith,0.803030303,0.422026578,nm0000184,director,0.975477055,Fantasy,George Lucas
tt0121765,Star Wars: Episode II - Attack of the Clones 3D,0.666666667,0.378823483,nm0355054,writer,0.745260846,Action,Jonathan Hales
tt0121765,Star Wars: Episode II - Attack of the Clones 3D,0.666666667,0.378823483,nm0355054,writer,0.745260846,Adventure,Jonathan Hales
tt0121765,Star Wars: Episode II - Attack of the Clones 3D,0.666666667,0.378823483,nm0355054,writer,0.745260846,Fantasy,Jonathan Hales
tt0121765,Star Wars II: Attack of the Clones,0.666666667,0.378823483,nm0355054,writer,0.745260846,Action,Jonathan Hales
tt0121765,Star Wars II: Attack of the Clones,0.666666667,0.378823483,nm0355054,writer,0.745260846,Adventure,Jonathan Hales
tt0121765,Star Wars II: Attack of the Clones,0.666666667,0.378823483,nm0355054,writer,0.745260846,Fantasy,Jonathan Hales
tt0121765,Attack of the Clones,0.666666667,0.378823483,nm0355054,writer,0.745260846,Action,Jonathan Hales
tt0121765,Attack of the Clones,0.666666667,0.378823483,nm0355054,writer,0.745260846,Adventure,Jonathan Hales
tt0121765,Attack of the Clones,0.666666667,0.378823483,nm0355054,writer,0.745260846,Fantasy,Jonathan Hales
tt0121765,Attack of the Clones: The IMAX Experience,0.666666667,0.378823483,nm0355054,writer,0.745260846,Action,Jonathan Hales
tt0121765,Attack of the Clones: The IMAX Experience,0.666666667,0.378823483,nm0355054,writer,0.745260846,Adventure,Jonathan Hales
tt0121765,Attack of the Clones: The IMAX Experience,0.666666667,0.378823483,nm0355054,writer,0.745260846,Fantasy,Jonathan Hales
tt0121765,Star Wars II,0.666666667,0.378823483,nm0355054,writer,0.745260846,Action,Jonathan Hales
tt0121765,Star Wars II,0.666666667,0.378823483,nm0355054,writer,0.745260846,Adventure,Jonathan Hales
tt0121765,Star Wars II,0.666666667,0.378823483,nm0355054,writer,0.745260846,Fantasy,Jonathan Hales
tt0121765,Star Wars: Episode II - Attack of the Clones,0.666666667,0.378823483,nm0355054,writer,0.745260846,Action,Jonathan Hales
tt0121765,Star Wars: Episode II - Attack of the Clones,0.666666667,0.378823483,nm0355054,writer,0.745260846,Adventure,Jonathan Hales
tt0121765,Star Wars: Episode II - Attack of the Clones,0.666666667,0.378823483,nm0355054,writer,0.745260846,Fantasy,Jonathan Hales
tt0121766,Star Wars: Revenge of the Sith,0.803030303,0.422026578,nm0000168,actor,0.975477055,Action,Samuel L. Jackson
tt0121766,Star Wars: Revenge of the Sith,0.803030303,0.422026578,nm0000168,actor,0.975477055,Adventure,Samuel L. Jackson
tt0121766,Star Wars: Revenge of the Sith,0.803030303,0.422026578,nm0000168,actor,0.975477055,Fantasy,Samuel L. Jackson
tt0121766,Star Wars: Episode III - Revenge of the Sith,0.803030303,0.422026578,nm0000168,actor,0.975477055,Action,Samuel L. Jackson
tt0121766,Star Wars: Episode III - Revenge of the Sith,0.803030303,0.422026578,nm0000168,actor,0.975477055,Adventure,Samuel L. Jackson
tt0121766,Star Wars: Episode III - Revenge of the Sith,0.803030303,0.422026578,nm0000168,actor,0.975477055,Fantasy,Samuel L. Jackson
tt0121766,Star Wars: Episode III,0.803030303,0.422026578,nm0000168,actor,0.975477055,Action,Samuel L. Jackson
tt0121766,Star Wars: Episode III,0.803030303,0.422026578,nm0000168,actor,0.975477055,Adventure,Samuel L. Jackson
tt0121766,Star Wars: Episode III,0.803030303,0.422026578,nm0000168,actor,0.975477055,Fantasy,Samuel L. Jackson
tt0121766,Star Wars III: Revenge of the Sith,0.803030303,0.422026578,nm0000168,actor,0.975477055,Action,Samuel L. Jackson
tt0121766,Star Wars III: Revenge of the Sith,0.803030303,0.422026578,nm0000168,actor,0.975477055,Adventure,Samuel L. Jackson
tt0121766,Star Wars III: Revenge of the Sith,0.803030303,0.422026578,nm0000168,actor,0.975477055,Fantasy,Samuel L. Jackson
tt0121766,Star Wars: Episode III - Revenge of the Sith 3D,0.803030303,0.422026578,nm0000168,actor,0.975477055,Action,Samuel L. Jackson
tt0121766,Star Wars: Episode III - Revenge of the Sith 3D,0.803030303,0.422026578,nm0000168,actor,0.975477055,Adventure,Samuel L. Jackson
tt0121766,Star Wars: Episode III - Revenge of the Sith 3D,0.803030303,0.422026578,nm0000168,actor,0.975477055,Fantasy,Samuel L. Jackson
tt0121766,Revenge of the Sith,0.803030303,0.422026578,nm0000168,actor,0.975477055,Action,Samuel L. Jackson
tt0121766,Revenge of the Sith,0.803030303,0.422026578,nm0000168,actor,0.975477055,Adventure,Samuel L. Jackson
tt0121766,Revenge of the Sith,0.803030303,0.422026578,nm0000168,actor,0.975477055,Fantasy,Samuel L. Jackson
